SMILES,Class,(Cl)ccc,C(=O)Nc2c,cncc2ccccc
O=C(NCC1(C(=O)Nc2cncc3ccccc23)CCOc2ccc(Cl)cc21)C1COCCN1CC(F)(F)F,0,0,1,0
CO[C@]1(C(=O)Nc2cncc3ccccc23)CCOc2c(F)cc(F)cc21,0,0,1,0
COC[C@]1(C(=O)Nc2cncc3ccccc23)CCOc2cc(Cl)c(Cl)cc21,0,0,1,0
COC[C@@]1(C(=O)Nc2cncc3ccccc23)CCOc2cc(Cl)c(Cl)cc21,0,0,1,0
Cc1nc2n(n1)CC(C(=O)NC(C(=O)Nc1cncc3ccccc13)c1cccc(Cl)c1)CC2,0,0,0,0
O=C(Nc1cncc2ccccc12)[C@@H]1CCOc2cc(F)c(Cl)cc21,1,0,0,1
O=C(Nc1cncc2ccccc12)C(NC(=O)[C@@H]1CC[C@H](C(=O)N2CCCC2)O1)c1cccc(Cl)c1,1,0,0,1
N[C@]1(C(=O)Nc2cncc3ccccc23)CCOc2ccc(Cl)cc21,1,0,1,0
Cc1ccncc1C(C(=O)NCCc1cccc(F)c1)N(C(=O)c1cocn1)c1ccc(C(C)(C)C)cc1,1,0,0,0
COc1nccnc1C(C(=O)NCCc1cccc(F)c1)N(C(=O)c1cocn1)c1ccc(C(C)(C)C)cc1,0,0,0,0
CC(C)(C)c1ccc(N(C(=O)c2cocn2)C(C(=O)NCCc2cccc(F)c2)c2cncnc2)cc1,0,0,0,0
COc1ncncc1C(C(=O)NCCc1cccc(F)c1)N(C(=O)c1cocn1)c1ccc(C(C)(C)C)cc1,0,0,0,0
CC(C)(C)c1ccc(N(C(=O)c2cocn2)C(C(=O)NCCc2cccc(F)c2)c2cnccn2)cc1,0,0,0,0
O=C(Nc1cncc2ccccc12)C1CCSc2ccc(Cl)cc21,1,0,0,1
CNC(=O)C1(CC(=O)Nc2cncc3ccccc23)CCOc2ccc(Cl)cc21,0,0,1,0
COC(OC)C(=O)N1CCN(Cc2cccc(Cl)c2)CC1,0,0,0,0
O=CC(=O)N1CCN(Cc2cccc(Cl)c2)CC1,0,0,0,0
COc1cc(Cl)nc(Nc2cc(Cl)cc(CC(=O)Nc3cncc4ccccc34)c2)n1,1,0,0,0
O=C(Cc1cc(Cl)cc(Nc2ccc(C(F)(F)F)cn2)c1)Nc1cncc2ccccc12,0,0,0,1
COc1cc(Br)ccc1Nc1cc(Cl)cc(CC(=O)Nc2cncc3ccccc23)c1,0,0,1,0
CCN(Cc1ccc(F)cc1)c1cc(Cl)cc(CC(=O)Nc2cncc3ccccc23)c1,0,0,1,0
Cc1ccc2nc(Nc3cc(Cl)cc(CC(=O)Nc4cncc5ccccc45)c3)sc2c1,1,0,0,0
O=C(Cc1cc(Cl)cc(N2CCN(C(=O)c3ccco3)CC2)c1)Nc1cncc2ccccc12,0,0,0,1
O=C(Cc1cc(Cl)cc(NCc2ccc(Br)cc2)c1)Nc1cncc2ccccc12,0,0,0,1
CN(Cc1cccc2ccccc12)c1cc(Cl)cc(CC(=O)Nc2cncc3ccccc23)c1,0,0,1,0
CCS(=O)(=O)N1CCN(c2cc(Cl)cc(CC(=O)Nc3cncc4ccccc34)c2)CC1,0,0,0,0
COc1ncc(Br)cc1Nc1cc(Cl)cc(CC(=O)Nc2cncc3ccccc23)c1,1,0,1,0
O=C(Cn1ccnc1)NCC1(C(=O)Nc2cncc3ccccc23)CCOc2ccc(Cl)cc21,0,0,1,0
CN(C)CC(=O)NCC1(C(=O)Nc2cncc3ccccc23)CCOc2ccc(Cl)cc21,0,0,1,0
COCC1(C(=O)Nc2cncc3ccccc23)CCOc2cc(Cl)c(Cl)cc21,0,0,1,0
COC1(C(=O)Nc2cncc3ccccc23)CCOc2c(F)cc(F)cc21,1,0,1,0
COC1(C(=O)Nc2cncc3ccccc23)CCOc2cc(F)c(Cl)cc21,1,0,1,0
O=C(CC1(C(=O)Nc2cncc3ccccc23)CCOc2ccc(Cl)cc21)N1CCN(CCCO)CC1,0,0,1,0
O=C(CC1(C(=O)Nc2cncc3ccccc23)CCOc2ccc(Cl)cc21)N1CCN(CC(F)(F)CO)CC1,0,0,1,0
COCCCNC(=O)C(c1cccnc1)N(C(=O)c1cocn1)c1ccc(C(C)(C)C)cc1,0,0,0,0
COC(=O)C(C)NC(=O)C(c1cccnc1)N(C(=O)c1cocn1)c1ccc(C(C)(C)C)cc1,0,0,0,0
COC(=O)[C@@H]1CC[C@H](NC(=O)C(c2cccnc2)N(C(=O)c2cocn2)c2ccc(C(C)(C)C)cc2)C1,0,0,0,0
CC(C)(C)c1ccc(N(C(=O)c2cocn2)C(C(=O)NC2CCOCC2)c2cccnc2)cc1,0,0,1,0
CN(C)C(=O)CNC(=O)C(c1cccnc1)N(C(=O)c1cocn1)c1ccc(C(C)(C)C)cc1,0,0,0,0
CSCCNC(=O)C(c1cccnc1)N(C(=O)c1cocn1)c1ccc(C(C)(C)C)cc1,0,0,0,0
CC(C)(C)OC(=O)NCCNC(=O)C(c1cccnc1)N(C(=O)c1cocn1)c1ccc(C(C)(C)C)cc1,0,0,0,0
CC(C)(C)c1ccc(N(C(=O)c2cocn2)C(C(=O)NCC(=O)Nc2cccc([N+](=O)[O-])c2)c2cccnc2)cc1,0,0,1,0
COC(=O)[C@@H]1C[C@@H](NC(=O)C(c2cccnc2)N(C(=O)c2cocn2)c2ccc(C(C)(C)C)cc2)CN1C(=O)OC(C)(C)C,0,0,0,0
COC(=O)[C@H]1C[C@H](NC(=O)C(c2cccnc2)N(C(=O)c2cocn2)c2ccc(C(C)(C)C)cc2)CN1C(=O)OC(C)(C)C,1,0,0,0
CC(C)(C)OC(=O)N1CCC(NC(=O)C(c2cccnc2)N(C(=O)c2cocn2)c2ccc(C(C)(C)C)cc2)C1,0,0,0,0
CC(C)(C)c1ccc(N(C(=O)c2cocn2)C(C(=O)NCC2CCOC2)c2cccnc2)cc1,0,0,0,0
CC(C)(C)c1ccc(N(C(=O)c2cocn2)C(C(=O)NCC2CCCO2)c2cccnc2)cc1,0,0,0,0
COC(CNC(=O)C(c1cccnc1)N(C(=O)c1cocn1)c1ccc(C(C)(C)C)cc1)OC,0,0,0,0
CCOC(=O)CNC(=O)C(c1cccnc1)N(C(=O)c1cocn1)c1ccc(C(C)(C)C)cc1,0,0,0,0
COC(=O)CNC(=O)C(c1cccnc1)N(C(=O)c1cocn1)c1ccc(C(C)(C)C)cc1,0,0,0,0
CC(C)(C)c1ccc(N(C(=O)c2cocn2)C(C(=O)NC2COC2)c2cccnc2)cc1,0,0,1,0
COC(=O)C1(NC(=O)C(c2cccnc2)N(C(=O)c2cocn2)c2ccc(C(C)(C)C)cc2)CCCC1,0,0,0,0
COC(=O)[C@H]1C[C@@H](NC(=O)C(c2cccnc2)N(C(=O)c2cocn2)c2ccc(C(C)(C)C)cc2)CN1C(=O)OC(C)(C)C,0,0,0,0
COC(=O)[C@@H]1C[C@H](NC(=O)C(c2cccnc2)N(C(=O)c2cocn2)c2ccc(C(C)(C)C)cc2)CN1C(=O)OC(C)(C)C,0,0,0,0
COc1ccc(NC(=O)C(c2cccnc2)N(C(=O)c2cocn2)c2ccc(C(C)(C)C)cc2)cn1,0,0,0,0
CC(C)(C)OC(=O)N1CC(NC(=O)C(c2cccnc2)N(C(=O)c2cocn2)c2ccc(C(C)(C)C)cc2)C1,0,0,0,0
CC(C)(C)c1ccc(N(C(=O)c2cocn2)C(C(=O)NCC(=O)OCc2ccccc2)c2cccnc2)cc1,0,0,0,0
CC(C)(C)c1ccc(N(C(=O)c2cocn2)C(C(=O)NCCN2CCOCC2)c2cccnc2)cc1,0,0,0,0
CCOC(=O)CCCNC(=O)C(c1cccnc1)N(C(=O)c1cocn1)c1ccc(C(C)(C)C)cc1,0,0,0,0
CCOC(=O)c1ncoc1CNC(=O)C(c1cccnc1)N(C(=O)c1cocn1)c1ccc(C(C)(C)C)cc1,0,0,0,0
COCCCNCC1(C(=O)Nc2cncc3ccccc23)CCOc2ccc(Cl)cc21,0,0,1,0
Cn1ccc(CNCC2(C(=O)Nc3cncc4ccccc34)CCOc3ccc(Cl)cc32)n1,1,0,0,0
Cn1c(=O)ccn(CC(=O)NC(C(=O)Nc2cncc3ccccc23)c2cccc(Cl)c2)c1=O,0,0,1,0
Cn1ncc2c(=O)n(CC(=O)NC(C(=O)Nc3cncc4ccccc34)c3cccc(Cl)c3)cnc21,0,0,0,0
CC(NC(=O)C1CCC1)C(=O)NC(C(=O)Nc1cncc2ccccc12)c1cccc(Cl)c1,0,0,0,1
N#Cc1ccc(C(=O)NCC(=O)NC(C(=O)Nc2cncc3ccccc23)c2cccc(Cl)c2)cc1,0,0,1,0
Cn1cc(C2=NOC(C(=O)NC(C(=O)Nc3cncc4ccccc34)c3cccc(Cl)c3)C2)cn1,0,0,0,0
N#Cc1cn(CC(=O)NC(C(=O)Nc2cncc3ccccc23)c2cccc(Cl)c2)c(=O)[nH]c1=O,0,0,1,0
O=C(Cn1nnc(-c2ccccc2)n1)NC(C(=O)Nc1cncc2ccccc12)c1cccc(Cl)c1,0,0,0,1
O=C(Cn1cnc(C(F)(F)F)n1)NC(C(=O)Nc1cncc2ccccc12)c1cccc(Cl)c1,0,0,0,1
NC(=O)c1ccc(OCC(=O)NC(C(=O)Nc2cncc3ccccc23)c2cccc(Cl)c2)cc1,0,0,1,0
O=C(Cn1nc2n(c(=O)c1=O)CCC2)NC(C(=O)Nc1cncc2ccccc12)c1cccc(Cl)c1,0,0,0,1
O=C(Cc1ccc(-n2cnnn2)cc1)NC(C(=O)Nc1cncc2ccccc12)c1cccc(Cl)c1,0,0,0,1
O=C(Cn1cc(Cl)c(=O)[nH]c1=O)NC(C(=O)Nc1cncc2ccccc12)c1cccc(Cl)c1,0,0,0,1
O=C(Nc1cncc2ccccc12)C1(CO)CCOc2ccc(Cl)cc21,0,0,0,1
COC(=O)/C=C/C(=O)N(C(=O)[C@H]1CCOc2ccc(Cl)cc21)c1cncc2ccccc12,0,0,0,1
O=C(CC1(C(=O)Nc2cncc3ccccc23)CCOc2ccc(Cl)cc21)N1CCCCC1c1cn[nH]c1,1,0,1,0
CC1CN(C)CCN1C(=O)CC1(C(=O)Nc2cncc3ccccc23)CCOc2ccc(Cl)cc21,0,0,1,0
O=C(CC1(C(=O)Nc2cncc3ccccc23)CCOc2ccc(Cl)cc21)N1CCOCC1CC(F)F,0,0,1,0
CN1C(=O)CCc2cc(N(C(=O)c3cocn3)C(C(=O)NCCc3cccc(F)c3)c3cccnc3)ccc21,0,0,0,0
CC(C)S(=O)(=O)c1ccc(N(C(=O)c2cocn2)C(C(=O)NCCc2cccc(F)c2)c2cccnc2)cc1,0,0,0,0
Cn1ncc2cc(N(C(=O)c3cocn3)C(C(=O)NCCc3cccc(F)c3)c3cccnc3)ccc21,0,0,0,0
CS(=O)(=O)c1ccc(N(C(=O)c2cocn2)C(C(=O)NCCc2cccc(F)c2)c2cccnc2)cc1,0,0,0,0
CS(=O)(=O)Cc1ccc(N(C(=O)c2cocn2)C(C(=O)NCCc2cccc(F)c2)c2cccnc2)cc1,0,0,0,0
CC(C)Oc1ccc(N(C(=O)c2cocn2)C(C(=O)NCCc2cccc(F)c2)c2cccnc2)cc1,1,0,0,0
O=C(NCCc1cccc(F)c1)C(c1cccnc1)N(C(=O)c1cocn1)c1ccc(Cn2cccn2)cc1,0,0,0,0
O=C(NCCc1cccc(F)c1)C(c1cccnc1)N(C(=O)c1cocn1)c1ccc2nc(C(F)(F)F)[nH]c2c1,0,0,0,0
COc1ccc(N(C(=O)c2cocn2)C(C(=O)NCCc2cccc(F)c2)c2cccnc2)cc1,0,0,0,0
Cn1ccc2cc(N(C(=O)c3cocn3)C(C(=O)NCCc3cccc(F)c3)c3cccnc3)ccc21,0,0,0,0
O=C(NCCc1cccc(F)c1)C(c1cccnc1)N(C(=O)c1cocn1)c1ccc2ncsc2c1,0,0,0,0
Cc1ccc(N(C(=O)c2cocn2)C(C(=O)NCCc2cccc(F)c2)c2cccnc2)cc1,0,0,0,0
O=C(NCCc1cccc(F)c1)C(c1cccnc1)N(C(=O)c1cocn1)c1ccccc1,0,0,0,0
O=C(NCCc1cccc(F)c1)C(c1cccnc1)N(C(=O)c1cocn1)c1ccc2c(c1)CCC(=O)N2CC(F)F,0,0,0,0
O=C(NCCc1cccc(F)c1)C(c1cccnc1)N(C(=O)c1cocn1)c1ccc(OC2CCOC2)cc1,0,0,0,0
O=C(NCCc1cccc(F)c1)C(c1cccnc1)N(C(=O)c1cocn1)c1cn(Cc2ccccc2)cn1,0,0,0,0
O=C(NCCc1cccc(F)c1)C(c1cccnc1)N(C(=O)c1cocn1)c1ccc2scnc2c1,0,0,0,0
O=C(NCCc1cccc(F)c1)C(c1cccnc1)N(C(=O)c1cocn1)c1ccc(C(F)(F)F)nc1,0,0,0,0
O=C(NCCc1cccc(F)c1)C(c1cccnc1)N(C(=O)c1cocn1)c1cnc(C2CCC2)nc1,0,0,0,0
CCOc1ccc(N(C(=O)c2cocn2)C(C(=O)NCCc2cccc(F)c2)c2cccnc2)cc1,0,0,0,0
O=C(CC1(C(=O)Nc2cncc3ccccc23)CCOc2ccc(Cl)cc21)N1CCN(C2CCOC2)CC1,0,0,1,0
O=C(C[C@]1(C(=O)Nc2cncc3ccccc23)CCOc2ccc(Cl)cc21)N1CCN(C2CCOC2)CC1,0,0,1,0
O=C1CC(C(=O)Nc2cncc3ccccc23)c2cc(Cl)cc(Cl)c2N1,0,0,1,0
CN1C(=O)CC(O)(C(=O)Nc2cncc3ccccc23)c2cc(Cl)ccc21,0,1,1,0
CN(C)C(=O)C[C@]1(C(=O)Nc2cncc3ccccc23)CCOc2ccc(Cl)cc21,0,0,1,0
CN(C)C(=O)C[C@@]1(C(=O)Nc2cncc3ccccc23)CCOc2ccc(Cl)cc21,0,0,1,0
CNC(=O)C[C@]1(C(=O)Nc2cncc3ccccc23)CCOc2ccc(Cl)cc21,0,0,1,0
CNC(=O)C[C@@]1(C(=O)Nc2cncc3ccccc23)CCOc2ccc(Cl)cc21,0,0,1,0
COc1ccc2cncc(NC(=O)C3CCOc4ccc(Cl)cc43)c2c1,1,0,0,0
O=C(C[C@@]1(C(=O)Nc2cncc3ccccc23)CCOc2ccc(Cl)cc21)N1CCN(C2CCOC2)CC1,0,0,1,0
O=C(Nc1cncc2ccc(F)cc12)[C@@H]1CCOc2ccc(Cl)cc21,1,0,0,0
O=C(Nc1cncc2ccc(F)cc12)[C@H]1CCOc2ccc(Cl)cc21,0,0,0,0
CC(=O)N1CC[C@@H](C(=O)Nc2cncc3ccccc23)c2cc(Cl)ccc21,0,1,1,0
CC(=O)N1CC[C@H](C(=O)Nc2cncc3ccccc23)c2cc(Cl)ccc21,1,1,1,0
CN1CC[C@H](C(=O)Nc2cncc3ccccc23)c2cc(Cl)ccc21,1,1,1,0
CN1CC[C@@H](C(=O)Nc2cncc3ccccc23)c2cc(Cl)ccc21,0,1,1,0
O=C1N[C@@]2(CCOc3ccc(Cl)cc32)C(=O)N1c1cncc2ccccc12,1,0,0,1
CO[C@]1(C(=O)Nc2cncc3ccccc23)CCOc2ccc(Cl)cc21,0,0,1,0
CO[C@]1(C(=O)Nc2cncc3ccccc23)CCOc2cc(Cl)c(Cl)cc21,1,0,1,0
CO[C@@]1(C(=O)Nc2cncc3ccccc23)CCOc2cc(Cl)c(Cl)cc21,0,0,1,0
COC1(C(=O)Nc2cncc3ccccc23)CCOc2cc(Cl)c(Cl)cc21,1,0,1,0
O=C(Cc1ccc(Cl)c(Cl)c1)Nc1cncc2cnccc12,0,0,0,0
Cn1c(=O)[nH]c2cncc(NC(=O)C3CCOc4ccc(Cl)cc43)c21,0,0,0,0
O=C(Nc1cncc2[nH]c(=O)[nH]c12)C1CCOc2ccc(Cl)cc21,0,0,0,0
NC(C(=O)Nc1cncc2ccccc12)c1ccc(Cl)c(Cl)c1,0,0,0,1
CN(C)C(C(=O)Nc1cncc2ccccc12)c1ccc(Cl)c(Cl)c1,0,0,0,1
CC(=O)NC(C(=O)Nc1cncc2ccccc12)c1ccc(Cl)c(Cl)c1,0,0,0,1
O=C(Nc1cncc2ccccc12)C(NCC1CC1)c1ccc(Cl)c(Cl)c1,0,0,0,1
O=C1NC(c2ccc(Cl)c(Cl)c2)C(=O)N1c1cncc2ccccc12,0,0,0,1
CC(C)N1CCOC(C(=O)NC(C)(C(=O)Nc2cncc3ccccc23)c2ccc(Cl)c(Cl)c2)C1,0,0,1,0
Cn1nc(C(=O)NC(C)(C(=O)Nc2cncc3ccccc23)c2ccc(Cl)c(Cl)c2)cc1C#N,0,0,1,0
CC(NC(=O)c1cc2n(n1)CCO2)(C(=O)Nc1cncc2ccccc12)c1ccc(Cl)c(Cl)c1,0,0,0,1
CC(NC(=O)CN1CCN(C2CC2)C1=O)(C(=O)Nc1cncc2ccccc12)c1ccc(Cl)c(Cl)c1,0,0,0,1
CC(NC(=O)Cc1ccc(-n2cnnn2)cc1)(C(=O)Nc1cncc2ccccc12)c1ccc(Cl)c(Cl)c1,0,0,0,1
Cc1nc2n(n1)CC(C(=O)NC(C)(C(=O)Nc1cncc3ccccc13)c1ccc(Cl)c(Cl)c1)CC2,0,0,0,0
CC(NC(=O)COc1ccc(C(N)=O)cc1)(C(=O)Nc1cncc2ccccc12)c1ccc(Cl)c(Cl)c1,0,0,0,1
CC(NC(=O)CN)(C(=O)Nc1cncc2ccccc12)c1ccc(Cl)c(Cl)c1,0,0,0,1
COCC(=O)NC(C)(C(=O)Nc1cncc2ccccc12)c1ccc(Cl)c(Cl)c1,0,0,0,1
COCCOC(C(=O)Nc1cncc2ccccc12)c1ccc(Cl)c(Cl)c1,1,0,0,1
CCOc1c(Cl)cccc1CC(=O)Nc1cncc2ccccc12,0,1,0,1
O=C(Cc1cc(Cl)cc(Cl)c1)Nc1cncc2ccccc12,0,0,0,1
CC(C(=O)Nc1cncc2ccccc12)c1ccc(Cl)c(Cl)c1,1,0,0,1
O=C(Nc1cncc2ccccc12)C(O)c1ccc(Cl)c(Cl)c1,0,0,0,1
CNC(C(=O)Nc1cncc2ccccc12)c1ccc(Cl)c(Cl)c1,0,0,0,1
O=C(Nc1cncc2ccccc12)C(F)(F)c1ccc(Cl)c(Cl)c1,0,0,0,1
N#CC(C(=O)Nc1cncc2ccccc12)c1ccc(Cl)c(Cl)c1,1,0,0,1
O=C(Nc1cncc2ccccc12)C(CO)c1ccc(Cl)c(Cl)c1,0,0,0,1
NC[C@]1(C(=O)Nc2cncc3ccccc23)CCOc2ccc(Cl)cc21,0,0,1,0
Cn1cnc2cncc(NC(=O)C3CCOc4ccc(Cl)cc43)c21,0,0,0,0
CN(C)C(=O)CC1(C(=O)Nc2cncc3ccccc23)CCOc2ccc(Cl)cc21,0,0,1,0
CNC(=O)CC1(C(=O)Nc2cncc3ccccc23)CCOc2ccc(Cl)cc21,0,0,1,0
O=C(Nc1cncc2ccccc12)C1CCOc2cc(F)c(Cl)cc21,1,0,0,1
O=C(Cc1ccccc1)Nc1cncc2ccccc12,0,0,0,1
Cc1ccc(CC(=O)Nc2cncc3ccccc23)cc1,0,0,1,0
COc1ccc(CC(=O)Nc2cncc3ccccc23)cc1,0,0,1,0
O=C(Cc1ccc(F)c(Cl)c1)Nc1cncc2ccccc12,1,0,0,1
O=C(Cc1ccc(F)cc1)Nc1cncc2ccccc12,0,0,0,1
Cc1ccc(CC(=O)Nc2cncc3ccccc23)cc1Cl,0,0,1,0
O=C(Cc1ccc(Cl)c(F)c1)Nc1cncc2ccccc12,0,0,0,1
O=C(Cc1cccc(F)c1)Nc1cncc2ccccc12,0,0,0,1
COc1cccc(CC(=O)Nc2cncc3ccccc23)c1,0,0,1,0
N#Cc1cccc(CC(=O)Nc2cncc3ccccc23)c1,0,0,1,0
Cc1cccc(CC(=O)Nc2cncc3ccccc23)c1,0,0,1,0
O=C(Cc1cc(F)cc(Cl)c1)Nc1cncc2ccccc12,1,0,0,1
O=C(Cc1cc(F)cc(F)c1)Nc1cncc2ccccc12,1,0,0,1
N#Cc1cc(Cl)cc(CC(=O)Nc2cncc3ccccc23)c1,1,0,1,0
O=C(Cc1cccc(Cl)c1F)Nc1cncc2ccccc12,0,0,0,1
O=C(Cc1cccc(F)c1F)Nc1cncc2ccccc12,0,0,0,1
O=C(Cc1cc(F)ccc1F)Nc1cncc2ccccc12,0,0,0,1
O=C(Cc1cncc(Cl)c1)Nc1cncc2ccccc12,1,0,0,1
O=C(Cc1cccc(C(F)(F)F)c1)Nc1cncc2ccccc12,0,0,0,1
O=C(Cc1ccc(C(F)(F)F)cc1)Nc1cncc2ccccc12,0,0,0,1
O=C(Cc1ccc(Cl)cn1)Nc1cncc2ccccc12,0,0,0,1
O=C(Cc1ccncc1Cl)Nc1cncc2ccccc12,0,0,0,1
O=C(Cc1ccccc1F)Nc1cncc2ccccc12,0,0,0,1
Cc1ccccc1CC(=O)Nc1cncc2ccccc12,0,0,0,1
COc1ccccc1CC(=O)Nc1cncc2ccccc12,0,0,0,1
O=C1C(c2ccc(Cl)c(Cl)c2)CCCN1c1cncc2ccccc12,0,0,0,1
O=C(Nc1cncc2ccccc12)C1CCOc2c(Cl)cc(Cl)cc21,1,0,0,1
O=C(Nc1cncc2ccccc12)C1CCNc2cc(Cl)c(Cl)cc21,1,0,0,1
O=C(Nc1cncc2ccccc12)C1CCOc2cc(Cl)c(Cl)cc21,1,0,0,1
O=C(Nc1cncc2ccccc12)C1CCOc2c1ccc(Cl)c2Cl,0,0,0,1
CN(C)c1ccc(N(Cc2cccc(Cl)c2)C(=O)Cc2cncc3ccccc23)nc1,1,0,0,0
CC(C)(C)c1ccc(N(C(=O)c2cc(C3(O)COC3)on2)C(C(=O)NCCc2cccc(F)c2)c2cccnc2)cc1,0,0,0,0
CC(C)(C)c1ccc(N(C(=O)c2c[nH]c(=O)s2)C(C(=O)NCCc2cccc(F)c2)c2cccnc2)cc1,0,0,0,0
CC(C)(C)c1ccc(N(C(=O)c2cn(CCN3CCOCC3)nn2)C(C(=O)NCCc2cccc(F)c2)c2cccnc2)cc1,0,0,0,0
CC(C)(C)c1ccc(N(C(=O)c2c[nH]nn2)C(C(=O)NCCc2cccc(F)c2)c2cccnc2)cc1,0,0,0,0
CCOC(=O)Cn1cc(C(=O)N(c2ccc(C(C)(C)C)cc2)C(C(=O)NCCc2cccc(F)c2)c2cccnc2)nn1,0,0,0,0
Cn1nc(C(=O)N2CCOCC2)cc1C(=O)N(c1ccc(C(C)(C)C)cc1)C(C(=O)NCCc1cccc(F)c1)c1cccnc1,0,0,0,0
CC(C)(C)c1ccc(N(C(=O)c2c[nH]c(=O)cn2)C(C(=O)NCCc2cccc(F)c2)c2cccnc2)cc1,0,0,0,0
CC(C)(C)c1ccc(N(C(=O)c2cn(C3COCC3=O)nn2)C(C(=O)NCCc2cccc(F)c2)c2cccnc2)cc1,0,0,0,0
CC(C)(C)c1ccc(N(C(=O)c2cc(CO)[nH]n2)C(C(=O)NCCc2cccc(F)c2)c2cccnc2)cc1,0,0,0,0
CC(C)(C)c1ccc(N(C(=O)c2cncs2)C(C(=O)NCCc2cccc(F)c2)c2cccnc2)cc1,0,0,0,0
Cn1ncc(C(=O)N(c2ccc(C(C)(C)C)cc2)C(C(=O)NCCc2cccc(F)c2)c2cccnc2)n1,0,0,0,0
CC(C)(C)c1ccc(N(C(=O)c2cnco2)C(C(=O)NCCc2cccc(F)c2)c2cccnc2)cc1,0,0,0,0
CC(C)(C)c1ccc(N(C(=O)c2c[nH]c(=O)[nH]2)C(C(=O)NCCc2cccc(F)c2)c2cccnc2)cc1,0,0,0,0
Cn1cnc(C(=O)N(c2ccc(C(C)(C)C)cc2)C(C(=O)NCCc2cccc(F)c2)c2cccnc2)n1,0,0,0,0
CC(C)(C)c1ccc(N(C(=O)c2cc(=O)[nH][nH]2)C(C(=O)NCCc2cccc(F)c2)c2cccnc2)cc1,0,0,0,0
Cc1ccncc1NC(=O)CN1CCC(C)CC1,0,0,0,0
O=C(Nc1cncc2ccccc12)[C@@H]1COc2ccc(Cl)cc21,1,0,0,1
CC(C(N)=O)c1cc(Cl)cc(CC(=O)Nc2cncc3ccccc23)c1,0,0,1,0
O=C(Cc1cc(Cl)cc(-c2nnn[nH]2)c1)Nc1cncc2ccccc12,0,0,0,1
O=C(Nc1cncc2ccccc12)[C@@H]1CCNc2ccc(Cl)cc21,1,0,0,1
O=C(NCCc1cccc(F)c1)C(c1cccnc1)N(C(=O)c1cnc[nH]1)c1ccc(OC2CCOC2)cc1,0,0,0,0
O=C(Nc1cncc2ccccc12)[C@]1(O)CCOc2ccc(Cl)cc21,1,0,0,1
N[C@@]1(C(=O)Nc2cncc3ccccc23)CCOc2ccc(Cl)cc21,0,0,1,0
O=C(Nc1cncc2ccccc12)C1CCOc2c(O)cc(Cl)cc21,1,0,0,1
O=C(Nc1cncc2ccncc12)[C@H]1CCOc2ccc(Cl)cc21,1,0,0,0
O=C(Nc1c[n+]([O-])cc2ccccc12)[C@H]1CCOc2ccc(Cl)cc21,0,0,0,0
O=C1C(c2ccc(Cl)cc2)CCCN1c1cncc2ccccc12,0,0,0,1
O=C1NC2(CCOc3ccc(Cl)cc32)C(=O)N1c1cncc2ccccc12,0,0,0,1
O=C(Cc1ccc(Cl)c(Cl)c1)Nc1cncc2ccccc12,1,0,0,1
O=C1CC(C(=O)N2CCN(c3cccc(Cl)c3)CC2)c2ccccc2N1,0,0,0,0
COC(=O)/C=C/C(=O)N(C(=O)[C@@H]1CCOc2ccc(Cl)cc21)c1cncc2ccccc12,1,0,0,1
O=C(Nc1cncc2ccc(F)cc12)C1CCOc2ccc(Cl)cc21,1,0,0,0
O=C(NCCc1cccc(F)c1)C(c1cccnc1)N(C(=O)c1c[nH]cn1)c1ccc(OC(F)F)cc1,0,0,0,0
CC(C)Oc1ccc(N(C(=O)c2c[nH]cn2)C(C(=O)NCCc2cccc(F)c2)c2cccnc2)cc1,1,0,0,0
COc1ccc(N(C(=O)c2c[nH]cn2)C(C(=O)NCCc2cccc(F)c2)c2cccnc2)cc1,0,0,0,0
CS(=O)(=O)Cc1ccc(N(C(=O)c2c[nH]cn2)C(C(=O)NCCc2cccc(F)c2)c2cccnc2)cc1,0,0,0,0
COCc1ccc(N(C(=O)c2c[nH]cn2)C(C(=O)NCCc2cccc(F)c2)c2cccnc2)cc1,0,0,0,0
O=C(NCCc1cccc(F)c1)C(c1cccnc1)N(C(=O)c1c[nH]cn1)c1ccc2c(c1)CCC(=O)N2CC(F)F,0,0,0,0
O=C(NCCc1cccc(F)c1)C(c1cccnc1)N(C(=O)c1c[nH]cn1)c1ccc(C2COC2)cc1,0,0,0,0
O=C(NCCc1cccc(F)c1)C(c1cccnc1)N(C(=O)c1c[nH]cn1)c1ccc(Cn2cccn2)cc1,0,0,0,0
O=C(Nc1cncc2ccccc12)C1CCN(Cc2ccccc2)c2ccc(Cl)cc21,0,0,0,1
O=C(Nc1cncc2ccccc12)C1CCN(Cc2ncc[nH]2)c2ccc(Cl)cc21,1,0,0,1
O=C(Nc1cncc2ccccc12)C1CCN(Cc2ccn[nH]2)c2ccc(Cl)cc21,1,0,0,1
CN(C)C(=O)CN1CCC(C(=O)Nc2cncc3ccccc23)c2cc(Cl)ccc21,0,1,1,0
O=C(Nc1cncc2ccccc12)C1CCN(Cc2ncn[nH]2)c2ccc(Cl)cc21,0,0,0,1
NC(=O)N1CCC(C(=O)Nc2cncc3ccccc23)c2cc(Cl)ccc21,1,1,1,0
COCCN1CCC(C(=O)Nc2cncc3ccccc23)c2cc(Cl)ccc21,1,1,1,0
O=C(c1cncc2ccccc12)N1CCN(c2cccc(Cl)c2)CC1,0,0,0,1
CC1CN(C(=O)c2cc(=O)[nH]c3ccccc23)CCN1c1cccc(Cl)c1,0,0,0,0
COc1ccc(Cl)cc1OCCNC(=O)c1cc(=O)[nH]c2cccc(OC)c12,1,0,0,0
COc1cccc2[nH]c(=O)cc(C(=O)N3CCN(c4cccc(Cl)c4)CC3)c12,0,0,0,0
CC(=O)N1CCC(C(=O)Nc2cncc3ccccc23)c2cc(Cl)ccc21,1,1,1,0
O=C(Cc1cncc2ccccc12)N1CCOc2ccc(Cl)cc21,0,0,0,1
N#Cc1ccc2cncc(NC(=O)C3CCOc4ccc(Cl)cc43)c2c1,0,0,0,0
CS(=O)(=O)c1ccc2cncc(NC(=O)C3CCOc4ccc(Cl)cc43)c2c1,1,0,0,0
O=C(Nc1cncc2ccccc12)C1CNCc2ccc(Cl)cc21,0,0,0,1
O=C(Nc1cncc2cnccc12)[C@@H]1CCOc2ccc(Cl)cc21,0,0,0,0
COc1cccc2[nH]c(=O)cc(C(=O)NCCOc3ccccc3OCC3CC3)c12,0,0,0,0
Cc1ccc(N(Cc2cscn2)C(=O)Cc2cncc3ccccc23)cc1,0,0,0,0
CC(=O)Nc1ccc(N(Cc2cccc(Cl)c2)C(=O)Cc2cncc3ccccc23)cn1,1,0,0,0
O=C(Cc1cncc2ccccc12)Nc1cccc(Cl)c1,0,0,0,1
O=C1CC(C(=O)Nc2cncc3ccccc23)c2cc(Br)ccc2N1,0,0,1,0
O=C(c1cc(=O)[nH]c2ccccc12)N1CCN(c2cccc(Cl)c2)C(=O)C1,0,0,0,0
O=C(c1cncc2ccccc12)N1CCN(c2cccc(Cl)c2)C(=O)C1,0,0,0,1
CO[C@@]1(C(=O)Nc2cncc3ccccc23)CCOc2ccc(Cl)cc21,1,0,1,0
Nc1nn(C(=O)C2CCOc3ccc(Cl)cc32)c2ccncc12,0,0,0,0
CC(C)(C)c1ccc(N(C(=O)C2CCCO2)C(C(=O)NCCc2cccc(F)c2)c2cccnc2)cc1,0,0,0,0
Cc1ccncc1C(C(=O)NCCc1cccc(F)c1)N(C(=O)c1ccco1)c1ccc(C(C)(C)C)cc1,1,0,0,0
CC(C)(C)c1ccc(N(C(=O)c2cn3ccccc3n2)C(C(=O)NCCc2cccc(F)c2)c2cccnc2)cc1,0,0,0,0
CC(C)(C)c1ccc(N(C(=O)c2ncc[nH]2)C(C(=O)NCCc2cccc(F)c2)c2cccnc2)cc1,0,0,0,0
CC(C)(C)c1ccc(N(C(=O)c2cocn2)C(C(=O)NCCc2cccc(F)c2)c2cccnc2)cc1,1,0,0,0
CC(C)(C)c1ccc(N(C(=O)c2ccn[nH]2)C(C(=O)NCCc2cccc(F)c2)c2cccnc2)cc1,0,0,0,0
CN(C)C(=O)CNC(=O)C(c1cccnc1)N(C(=O)c1ccco1)c1ccc(C(C)(C)C)cc1,0,0,0,0
CC(C)(C)c1ccc(N(C(=O)c2ccco2)C(C(=O)NCCN2CCOCC2)c2cccnc2)cc1,0,0,0,0
CC(C)(C)c1ccc(N(C(=O)c2ccco2)C(C(=O)Nc2ccccc2)c2cccnc2)cc1,0,0,1,0
O=C(NCCc1cccc(F)c1)C(c1cccnc1)N(C(=O)c1ccco1)c1ccc(C2CCCC2)cc1,1,0,0,0
CC(C)(C)c1cnc(N(C(=O)c2ccco2)C(C(=O)NCCc2cccc(F)c2)c2cccnc2)s1,0,0,0,0
COc1ccc(N(C(=O)c2ccco2)C(C(=O)NCCc2cccc(F)c2)c2cccnc2)cc1NC(=O)C1CCCCC1,0,0,0,0
O=C(NCCc1cccc(F)c1)C(c1cccnc1)N(C(=O)c1ccco1)c1ccc(-c2n[nH]c3c2COCC3)cc1,0,0,0,0
COC(=O)CCSc1cc(Cl)ccc1N(C(=O)c1ccco1)C(C(=O)NCCc1cccc(F)c1)c1cccnc1,0,1,0,0
O=C(NCCc1cccc(F)c1)C(c1cccnc1)N(Cc1c(O)ccc2c1CCCC2)C(=O)c1ccco1,0,0,0,0
COc1ccc(N(C(=O)c2ccco2)C(C(=O)NCCc2cccc(F)c2)c2cccnc2)cc1,0,0,0,0
CC(=O)c1ccc(N(C(=O)c2ccco2)C(C(=O)NCCc2cccc(F)c2)c2cccnc2)cc1,0,0,0,0
N#Cc1ccc(N(C(=O)c2ccco2)C(C(=O)NCCc2cccc(F)c2)c2cccnc2)cc1,0,0,0,0
O=C(NCCc1cccc(F)c1)C(c1cccnc1)N(C(=O)c1ccco1)C1CCN(c2ccccc2)CC1,0,0,0,0
Nc1cncc2c1CCCN2C(=O)Cc1cccc(Cl)c1,0,0,0,0
O=C1N[C@]2(CCOc3ccc(Cl)cc32)C(=O)N1c1cncc2ccccc12,0,0,0,1
O=C(Nc1cncc2ccccc12)C1=CCCc2ccc(Cl)cc21,1,0,0,1
Cc1ccncc1NC(=O)N(CCC1CCCCC1)c1cc(Cl)cc(OC(C)C)c1,0,0,0,0
O=C1CC(Oc2cc(Cl)cc(N(CCC3CCCCC3)C(=O)Nc3cncc4ccccc34)c2)N1,1,0,0,0
CN1CCC(C(=O)Nc2cncc3ccccc23)c2cc(Cl)ccc21,1,1,1,0
COc1ccc(N(Cc2cccc(Cl)c2)C(=O)Cn2nnc3ccccc32)cc1,0,0,0,0
O=C(Cn1nnc2ccccc21)N(Cc1cccc(Cl)c1)c1ccc(N2CCOCC2)cc1,0,0,0,0
O=C(Cc1cncc2ccccc12)N(CCC1CCCCC1)Cc1cccs1,0,0,0,1
O=C(Cc1cccc(Cl)c1)Nc1cncc2c1CCC2,0,0,0,0
O=C(Nc1cncc2ccccc12)C1COc2c(Cl)cccc21,0,1,0,1
O=C(Cc1cc(Cl)cc(-c2nnc[nH]2)c1)Nc1cncc2ccccc12,0,0,0,1
Cc1ccn2cnnc2c1NC(=O)Cc1cccc(Cl)c1,0,0,0,0
COc1ccc2c(NC(=O)C3CCOc4ccc(Cl)cc43)noc2c1,0,0,0,0
O=C(Cc1cc(Cl)cc(CC2CC(=O)N2)c1)Nc1cncc2ccccc12,0,0,0,1
C[C@@H]1C[C@H](C(=O)Nc2cncc3ccccc23)c2cc(Cl)ccc2O1,1,1,1,0
C[C@H]1C[C@H](C(=O)Nc2cncc3ccccc23)c2cc(Cl)ccc2O1,0,1,1,0
C[C@@H]1COc2ccc(Cl)cc2[C@@H]1C(=O)Nc1cncc2ccccc12,0,0,0,1
COc1ccccc1OCCNC(=O)c1cncc2ccccc12,0,0,0,1
O=C(c1cncc2ccccc12)N1CCN(c2ccccc2)CC1,0,0,0,1
O=C(c1cc(=O)[nH]c2ccccc12)N1CCN(c2cccc(Cl)c2)CC1,0,0,0,0
COc1cccc(CN2CCN(C(=O)c3cc(=O)[nH]c4ccccc34)CC2)c1,0,0,0,0
O=C(c1cc(=O)[nH]c2ccccc12)N1CCN(Cc2cccc(Cl)c2)CC1,0,0,0,0
O=C(c1cc(=O)[nH]c2ccccc12)N1CCN(Cc2cccc(C(F)(F)F)c2)CC1,0,0,0,0
O=C(Cc1cncc2ccccc12)N(CCC1CCCCC1)c1cccc(Cl)c1,0,0,0,1
O=C(Cc1cc(Cl)ccn1)Nc1cncc2ccccc12,0,0,0,1
O=C(Cc1cc(Cl)cc(Cc2ccn[nH]2)c1)Nc1cncc2ccccc12,0,0,0,1
C[C@]1(C(=O)Nc2cncc3ccccc23)CCOc2ccc(Cl)cc21,0,0,1,0
O=C(Cc1cccc(Cl)c1)Nc1cncc2c1CCCN2,0,0,0,0
O=C(Cc1cccc(Cl)n1)Nc1cncc2ccccc12,0,0,0,1
CNC(=O)Nc1ccc(N(Cc2ccsc2)C(=O)Cn2nnc3ccccc32)cc1,0,0,0,0
CN(C)c1ccc(N(Cc2ccsc2)C(=O)Cc2cncc3ccccc23)cc1,1,0,0,0
O=C(Nc1cncc2ccccc12)C1CCCc2ccc(Cl)cc21,1,0,0,1
O=C(Nc1cncc2ccccc12)C1CCNc2ccc(Cl)cc21,1,0,0,1
O=C(Nc1cncc2ccccc12)C1(CCC2CC2)CCOc2ccc(Cl)cc21,0,0,0,1
C[C@@H]1C[C@@H](C(=O)Nc2cncc3ccccc23)c2cc(Cl)ccc2O1,1,1,1,0
C[C@H]1C[C@@H](C(=O)Nc2cncc3ccccc23)c2cc(Cl)ccc2O1,0,1,1,0
Cc1c(Cl)ccc2c1[C@H](C(=O)Nc1cncc3ccccc13)CCO2,0,1,0,0
C[C@H]1COc2ccc(Cl)cc2[C@@H]1C(=O)Nc1cncc2ccccc12,1,0,0,1
C[C@@]1(C(=O)Nc2cncc3ccccc23)CCOc2ccc(Cl)cc21,1,0,1,0
O=C(Nc1cncc2ccccc12)C1CCOc2ccc(Br)cc21,1,0,0,1
O=C(Cc1cc(Cl)cc2c1OCC2)Nc1cncc2ccccc12,0,0,0,1
O=C(Nc1cncc2ccccc12)[C@@H]1CCOc2ccc(Cl)cc21,1,0,0,1
CC(C)(C)c1ccc(N(C(=O)c2c[nH]cn2)C(C(=O)NCCc2cccc(F)c2)c2cccnc2)cc1,1,0,0,0
CC(C)(C)c1ccc(N(C(=O)c2ccc(Cl)o2)C(C(=O)NCCc2cccc(F)c2)c2cccnc2)cc1,1,0,0,0
O=S(=O)(Cc1ccccc1F)c1oc(-c2ccc(F)cc2)nc1S(=O)(=O)c1ccccc1,1,0,0,0
CCOC(=O)c1c(C)n(S(C)(=O)=O)c2ccc(N(C(=O)c3ccco3)S(C)(=O)=O)cc12,1,0,0,0
COC(=O)c1c(C)n(S(C)(=O)=O)c2ccc(N(C(=O)c3ccco3)S(C)(=O)=O)cc12,1,0,0,0
O=C(O)[C@@H](c1ccccc1)N1Cc2ccccc2C1=O,0,0,0,0
CCOC(=O)c1cc(-c2ccccc2)sc1NC(=O)Cc1csc(-c2ccccc2)n1,0,0,0,0
CC(CCc1ccco1)NC(=O)Nc1cn(C)c(=O)c2ccccc12,0,0,0,0
O=S(=O)(Nc1ccccc1SCc1cccc(Cl)c1F)c1cc(Cl)sc1Cl,0,0,0,0
CC(C)(C)c1ccc(-c2nnc(Sc3cnc([N+](=O)[O-])s3)o2)cc1,0,0,0,0
COC(=O)c1c(C)nn(C(=O)c2cccs2)c1-c1snnc1C,0,0,0,0
O=[N+]([O-])c1cnc(Sc2nnc(-c3ccc(Cl)cc3)o2)s1,1,0,0,0
O=C(Nc1cccc(C(F)(F)F)c1)Nc1ccccc1Sc1ncc([N+](=O)[O-])s1,0,0,0,0
Cc1cc(C)c(C#N)c(Sc2ncnc3c2nnn3Cc2ccccc2)n1,1,0,0,0
CCOC(=O)c1ccc(NC(=O)CC2SC(=O)N(c3ccccc3)C2=O)cc1,0,0,0,0
Cc1ccccc1NC(=O)CC1SC(=O)N(c2ccccc2)C1=O,1,0,0,0
c1ccc(-c2cc(Sc3nnc(-c4cccs4)o3)n3ncnc3n2)cc1,1,0,0,0
CN(C)c1ccc(N(Cc2ccn[nH]2)C(=O)Cn2nnc3ccccc32)cc1,0,0,0,0
Cc1noc(COc2cc(Cl)cc(CC(=O)Nc3cnccc3C)c2)n1,0,0,0,0
Cc1ccncc1NC(=O)Cc1cc(Cl)cc(OCc2nnc(C3CCCCC3)o2)c1,0,0,0,0
CN(C)c1ccc(N(Cc2cscn2)C(=O)Cn2nnc3ccccc32)cc1,0,0,0,0
CCC(=O)Nc1ccc(N(Cc2cscn2)C(=O)Cn2nnc3ccccc32)cc1,0,0,0,0
O=C1OC(c2cccs2)=N/C1=C\c1ccc(N2CCOCC2)s1,1,0,0,0
CCC(=O)Nc1ccc(N(Cc2ccccc2)C(=O)Nn2nnc3ccccc32)cc1,0,0,0,0
O=C1CCCCN1c1ccc(N(Cc2ccccc2)C(=O)Cc2n[nH]c3ccccc23)cc1,0,0,0,0
COC(=O)C(C(=O)Nc1cnccc1C)c1cccc(Cl)c1,0,0,0,0
O=C(Nc1cncc2ccccc12)C1COc2ccc(Cl)cc21,1,0,0,1
O=C(Cc1cccc(Cl)c1)Nc1cncc2ccncc12,0,0,0,0
CN(C)c1ccc(N(Cc2ccccc2)C(=O)Cn2nnc3ccccc32)cc1,0,0,0,0
CN(C)c1ccc(N(Cc2cccc(Cl)c2)C(=O)Cn2nnc3ccccc32)cc1,1,0,0,0
O=C(Cn1nnc2ccccc21)N(Cc1ccsc1)c1ccc(N2CCCCC2)cc1,0,0,0,0
O=C(Cn1nnc2ccccc21)N(Cc1ccccc1)c1ccc(N2CCOCC2)cc1,0,0,0,0
Cc1ccncc1NC(=O)Cc1cc(Cl)cc(-c2ccc(C3CC3(F)F)cc2)c1,0,0,0,0
COC(=O)c1ccc(-c2cc(Cl)cc(CC(=O)Nc3cnccc3C)c2)c(OC)c1,0,0,0,0
CCc1cc(F)ccc1-c1cc(Cl)cc(CC(=O)Nc2cnccc2C)c1,0,0,1,0
Cc1ccncc1NC(=O)Cc1cc(Cl)cc(-c2ccc(C3(C)CCO3)cc2)c1,0,0,0,0
Cc1ccncc1NC(=O)Cc1cc(Cl)cc(-c2ccc(C)c(F)c2F)c1,0,0,0,0
Cc1ccncc1NC(=O)Cc1cc(Cl)cc(-c2cnn(C)c2C(F)F)c1,0,0,0,0
Cc1ccncc1NC(=O)Cc1cc(Cl)cc(/C=C(/c2ccccc2)C(F)(F)F)c1,0,0,0,0
Cc1ccncc1NC(=O)Cc1cc(Cl)cc(NC2CCCC2O)c1,0,0,0,0
Cc1ccncc1NC(=O)Cc1cc(Cl)cc(NC2CC2C(F)(F)F)c1,0,0,0,0
Cc1ccncc1NC(=O)Cc1cc(Cl)cc(NC2(C)CCC(F)(F)CC2)c1,0,0,0,0
Cc1ccncc1NC(=O)Cc1cc(Cl)cc(NCC(C)(C)C#N)c1,0,0,0,0
O=C(COc1cccc(Cl)c1)Nc1cncc2ccccc12,0,0,0,1
O=C(CCc1cccc(Cl)c1)Nc1cncc2ccccc12,0,0,0,1
OCCn1c(CSc2nc3ccccc3o2)nc2ccc(Cl)cc21,1,0,0,0
N#Cc1ncn(CC(=O)Nc2ccc(Br)cc2Cl)n1,0,0,1,0
Cn1nc(-c2ccc(C(F)(F)F)cc2)nc2c(=O)n(C)c(=O)nc1-2,0,0,0,0
O=C(Cc1cccc(Cl)c1)Nc1cncc2cnccc12,0,0,0,0
O=C(Cc1cccc(Cl)c1)Nc1cncc2cccnc12,0,0,0,0
CC(C)c1ccncc1NC(=O)Cc1cccc(Cl)c1,0,0,0,0
CN(C(=O)Cc1cccc(Cl)c1)c1cncc2ccccc12,0,0,0,1
OC(Cc1cccc(Cl)c1)Cn1cncn1,0,0,0,0
COc1cccc(Oc2cc(Cl)cc(NC(=O)Cc3cncc4ccccc34)c2)n1,0,0,0,0
O=C(Nc1cncc2ccccc12)C1CCOc2ccc(Cl)cc21,1,0,0,1
O=C(Cc1cc(Cl)cc(OC2CCC(=O)N2)c1)Nc1cncc2ccccc12,0,0,0,1
O=C(Cc1cc(Cl)cc(Oc2cccc(=O)[nH]2)c1)Nc1cncc2ccccc12,0,0,0,1
O=C(Cc1cc(Cl)cc(Oc2cccnc2)c1)Nc1cncc2ccccc12,0,0,0,1
O=C(Cc1cccc(Cl)c1)Nc1cncc2ncccc12,0,0,0,0
CC1CCNC(=O)C1NC(=O)Cc1cccc(Cl)c1,0,0,0,0
O=C(Cc1cccc(Cl)c1)Nc1cnc2ccccn12,0,0,0,0
Cn1cncc1NC(=O)Cc1cccc(Cl)c1,0,0,0,0
O=C(Nc1cncc2ccccc12)N(CCC1CCCCC1)c1cccc(Cl)c1,1,0,0,1
O=C(Cc1cccc(Cl)c1)Nc1cncc2c1OCCC2,0,0,0,0
C#Cc1cccc(CC(=O)Nc2cncc3ccccc23)c1,0,0,1,0
O=C1C(c2cccc(Cl)c2)CCCN1c1cncc2ccccc12,0,0,0,1
O=C1C(c2cccc(Cl)c2)CCN1c1cncc2ccccc12,0,0,0,1
COc1ccc(Cl)cc1CC(=O)Nc1cncc2ccccc12,0,0,0,1
O=C(Cc1cc(Cl)cc(OC2CC(=O)N2)c1)Nc1cc(=O)[nH]c2ccccc12,0,0,0,0
Cc1ccncc1NC(=O)Cc1cc(Cl)cc(OCc2ncn[nH]2)c1,0,0,0,0
CC(=O)NCc1cc(Cl)cc(CC(=O)Nc2cnccc2C)c1,0,0,1,0
CNC(=O)c1cc(Cl)cc(CC(=O)Nc2cnccc2C)c1,0,0,1,0
Cc1ccncc1NC(=O)Cc1cc(Cl)cc(CNS(C)(=O)=O)c1,0,0,0,0
Cc1ccncc1NC(=O)Cc1cc(Cl)cc(S(N)(=O)=O)c1,0,0,0,0
COc1cccc(C2=N/C(=C/c3sccc3C)C(=O)O2)c1,0,0,0,0
O=c1oc(Nc2ccccc2)nc2ccccc12,0,0,0,0
CCCCc1nc(-c2nccn2CC(F)(F)F)c[nH]1,0,0,0,0
CCCCc1nc(-c2nccn2Cc2ccoc2)c[nH]1,0,0,0,0
O=C(Cc1cccc(Cl)c1)Nc1nncc2ccccc12,0,0,0,0
COc1ccc2cncc(NC(=O)Cc3cccc(Cl)c3)c2c1,1,0,0,0
O=C(Cc1cccc(Cl)c1)Nc1cnccc1-c1ccccc1,0,0,0,0
O=C(Cc1cc(Cl)cc(OC2CC(=O)N2)c1)Nc1cncc2ccccc12,1,0,0,1
CC(C)(C)c1ccc(N(C(=O)c2ccco2)C(C(=O)NCCc2cccc(F)c2)c2cccnc2)cc1,0,0,0,0
CNc1ccc(N(C(=O)Cn2nnc3ccccc32)c2cccc(Cl)c2)cc1,0,0,0,0
Cc1ccncc1NC(=O)C(C(=O)c1cc(=O)[nH]c2ccccc12)c1cccc(Cl)c1,0,0,0,0
CN(C)c1cncc(CN(C(=O)c2cc(=O)[nH]c3ccccc23)c2cccc(Cl)c2)c1,0,0,0,0
COc1cccc(CCN(C(=O)c2cc(=O)[nH]c3ccccc23)c2cccc(Cl)c2)c1,0,0,0,0
O=C1CC(Oc2cc(Cl)cc(CC(=O)Nn3cnc4ccccc43)c2)N1,0,0,0,0
COc1cc(Cl)cc(CC(=O)Nc2cnccc2C)c1,0,0,1,0
COc1c(Cl)cccc1OCCNC(=O)c1cc(=O)[nH]c2ccccc12,0,1,0,0
Cc1ccncc1NC(=O)Cc1cc(Cl)cc(C2COC2)c1,0,0,0,0
Cc1ccncc1NC(=O)Cc1cc(Cl)cc(OC2COC2)c1,0,0,0,0
Cc1ccncc1NC(=O)Cc1cc(Cl)cc(NS(C)(=O)=O)c1,0,0,0,0
Cc1ccncc1NC(=O)Cc1cc(Cl)cc(NS(N)(=O)=O)c1,0,0,0,0
CN(C)S(=O)(=O)c1cccc(C(=O)Nc2c(-c3ccccc3)nc3sccn23)c1,1,0,1,0
Cc1c(C(=O)CCl)c2ccccn2c1C(=O)c1ccc(F)cc1,1,0,0,0
Cc1cc(C(=O)CCl)c(C)n1CC1COc2ccccc2O1,0,0,0,0
Cc1cc(C(=O)CCl)c(C)n1NC(=O)c1n[nH]c(=O)c2ccccc12,0,0,0,0
Cc1ccncc1NC(=O)C1CCOc2ccc(Cl)cc21,0,0,0,0
O=C(Nc1nncn1C1CC1)C1CCS(=O)(=O)c2ccccc21,0,0,0,0
O=C(Cc1cccc(Cl)c1)Nc1cncc2ccccc12,1,0,0,1
O=C(Cc1cncc2ccccc12)Nc1cc(Cl)cc(OC2CCC(=O)N2)c1,0,0,0,1
O=C1CC(Oc2cc(Cl)cc(OCCNC(=O)c3cc(=O)[nH]c4ccccc34)c2)N1,0,0,0,0
CS(=O)(=O)c1ncc(Cl)c(C(=O)Nc2ccccc2Cc2ccccc2)n1,1,0,1,0
CCOC(=O)c1nc(S(C)(=O)=O)ncc1Cl,0,0,0,0
CN(C)c1ccc(N(Cc2ccsc2)C(=O)Cn2nnc3ccccc32)cc1,0,0,0,0
Cc1[nH]ncc1CC(=O)Nc1cccc(Cl)c1,0,0,0,0
O=C(Cn1nnc2ccccc21)N(Cc1ccsc1)c1ccc(-c2ccccc2)cc1,0,0,0,0
CCC(=O)Nc1ccc(N(Cc2ccsc2)C(=O)Cn2nnc3ccccc32)cc1,0,0,0,0
O=C(Nc1ccc(N(Cc2ccsc2)C(=O)Cn2nnc3ccccc32)cc1)C1CC1,0,0,0,0
CNc1ccc(N(Cc2ccsc2)C(=O)Cn2nnc3ccccc32)cc1,0,0,0,0
COc1ccc2nnn(CC(=O)N(Cc3ccccn3)c3ccc(C4CCNCC4)cc3)c2c1,0,0,0,0
CC(C)(C(N)=O)c1ccc(N(Cc2ccsc2)C(=O)Cn2nnc3ccccc32)cc1,0,0,0,0
O=C1N(Cc2cccc(Cl)c2)CCN1c1nccc2[nH]ncc12,0,0,0,0
COc1ccccc1OCCNC(=O)c1cc(=O)[nH]c2cccc(OC)c12,0,0,0,0
Cc1ccncc1NC(=O)CN1C(=O)COc2ccc(Cl)cc21,0,0,0,0
COc1ccccc1OCC(C)NC(=O)c1cc(=O)[nH]c2cc(F)ccc12,0,0,0,0
COc1ccccc1OCC(C)NC(=O)c1cc(=O)[nH]c2ccc(F)cc12,0,0,0,0
O=C(Nc1nncn1C1CC1)C1CCOc2ccc(Cl)cc21,1,0,0,0
Cc1ccncc1N1CCN(c2cccc(Cl)c2)C1=O,0,0,0,0
O=C(Cc1cccnc1)Nc1cccc(OC2CC(=O)N2)c1,0,0,0,0
Cc1cc(NC(=O)Cc2cncnc2)cc(OC2CC(=O)N2)c1,0,0,0,0
Cc1ccncc1CC(=O)Nc1cccc(Cl)c1,0,0,0,0
O=C(c1cc(=O)[nH]c2ccccc12)N1CCN(Cc2ccccc2)CC1,0,0,0,0
COc1ccc(N2CCN(C(=O)c3cc(=O)[nH]c4ccccc34)CC2)cc1,0,0,0,0
COc1cccc(N2CCN(C(=O)c3cc(=O)[nH]c4ccccc34)CC2)c1,0,0,0,0
COc1ccccc1N1CCN(C(=O)c2cc(=O)[nH]c3ccccc23)CC1,0,0,0,0
O=C(c1cc(=O)[nH]c2ccccc12)N1CCN(c2ccc(F)cc2)CC1,0,0,0,0
O=C(c1cc(=O)[nH]c2ccccc12)N1CCN(c2ccccc2F)CC1,0,0,0,0
Cc1ccncc1NC(=O)CCc1cccc(F)c1,0,0,0,0
CC(=O)N1CCN(CC(=O)Nc2cnccc2C)CC1,0,0,1,0
Cc1ccncc1NC(=O)Cc1cccc(-c2cn[nH]c2)c1,0,0,0,0
Cc1ccncc1N1CCC(c2cccc(Cl)c2)C1=O,0,0,0,0
O=C(Cc1cccc(Cl)c1)Nc1cccnc1,0,0,0,0
CCCCOc1ccc(Cl)cc1CC(=O)Nc1cnccc1C,0,0,0,0
Cc1nnn(NC(=O)Cc2cccc(Cl)c2)c1C,0,0,0,0
O=C(Cc1cccc(Cl)c1)Nn1cnc2ccccc21,0,0,0,0
O=C(Cc1cccc(Cl)c1)Nn1cnc2ccccc2c1=O,0,0,0,0
O=C(Cc1cccc(Cl)c1)Nc1nnn[nH]1,0,0,0,0
Cc1ccncc1NC(=O)Cc1cncc(Cl)c1,0,0,0,0
Cc1ccncc1NC(=O)Cc1cc(C#N)cc(OC2CC(=O)N2)c1,0,0,0,0
Cc1ccncc1NC(=O)Cc1cc(Cl)cc(OC2CC(=O)N2)c1,0,0,0,0
Cc1ccncc1NC(=O)C(C)c1cc(Cl)cc(OC2CC(=O)N2)c1,0,0,0,0
Cc1ccncc1NC(=O)Cc1cccc(F)c1,0,0,0,0
O=C(Cc1cccc(Cl)c1)Nc1cnccc1C1CC1,0,0,0,0
CCCC(C(=O)Nc1cnccc1C)c1cccc(Cl)c1,0,0,0,0
Cc1ccncc1NC(=O)Cc1cccc(Br)c1,0,0,0,0
Cc1ccncc1NC(=O)C(C)(C)c1cccc(Cl)c1,0,0,0,0
COc1ccccc1OCCNC(=O)c1cc(=O)[nH]c2ccccc12,0,0,0,0
Cc1cc(C)c(C)c(S(=O)(=O)N2CCN(C(=O)c3cc(=O)[nH]c4ccccc34)CC2)c1C,0,0,0,0
O=C(c1cc(=O)[nH]c2ccccc12)N1CCN(c2ccccc2)CC1,0,0,0,0
Cn1nncc1CC(=O)NC(c1ccccc1)c1nc2ccccc2n1C,0,0,0,0
CCC(C)(C)CCN(Cc1ccsc1)C(=O)Cn1nnc2ccccc21,0,0,0,0
O=C(Nc1cnccc1Cl)c1cc(Cl)ccc1O,0,1,0,0
O=C(Nc1cccnc1)c1cc(Cl)ccc1-c1ccccc1,0,1,0,0
O=C(Nc1cccnc1)N(CCC1CCCCC1)c1cccc(Cl)c1,0,0,0,0
Cc1c(N)cncc1NC(=O)Cc1cccc(Cl)c1,0,0,0,0
Cc1ccncc1NC(=O)Cc1cccc(Cl)c1,0,0,0,0
Cc1ccncc1NC(=O)Nc1cccc(Cl)c1,0,0,0,0
Cc1ccncc1NC(=O)C(C)c1cccc(Cl)c1,0,0,0,0
Cc1c(N)cncc1NC(=O)Cc1cccc(C#N)c1,0,0,0,0
Cc1ccncc1NC(=O)Cc1cccc(C#N)c1,0,0,0,0
Cc1ccncc1NC(=O)C(C)c1cccc(C#N)c1,0,0,0,0
N#Cc1cccc(NC(=O)Nc2cncc(N)c2)c1,0,0,1,0
N#Cc1cccc(NC(=O)Nc2c[nH]c3ncccc23)c1,0,0,1,0
N#Cc1cccc(NC(=O)Cc2cncc3ccccc23)c1,0,0,0,0
O=C(Cc1cncc2ccccc12)Nc1ccccc1,0,0,0,1
